Arrive Date,Depart Date,Location,Event Name,Attendance,Phone Number,Website
07/27/2020,07/28/2020,Austin Convention Center,AHRMM 2020 Annual Meeting,1500,,www.ahrmm.org
04/29/2020,05/01/2020,Austin Convention Center,Envestnet 2020 Advisor Summit,3060,,www.envestnet.com/advisorsummit
02/25/2020,02/27/2020,Palmer Events Center,2020 Texas Bar Examinations,1500,,www.ble.texas.gov
03/27/2020,03/29/2020,Palmer Events Center,2020 Austin Home & Garden Show,8500,,www.austinspringhomeandgardenshow.com
08/24/2020,08/28/2020,Austin Convention Center,Private,40,,
07/25/2020,07/26/2020,Austin Convention Center,Private,300,,www.txpropane.com
06/06/2020,06/06/2020,Austin Convention Center,Private,450,,
04/16/2020,04/18/2020,Austin Convention Center,Private,500,,
08/27/2020,08/28/2020,Austin Convention Center,Private,500,,https://www.weat.org/event/capacity-management-operations-and-maintenance-cmom/2018-08-20
10/23/2020,10/24/2020,Austin Convention Center,Private,550,,
07/25/2020,07/25/2020,Austin Convention Center,Private,1000,,www.keepaustinyogic.org
09/11/2020,09/14/2020,Austin Convention Center,Private,1000,,http://kevinmurphy.com.au/
04/21/2020,04/22/2020,Austin Convention Center,Private,1500,,www.q2ebanking.com
06/08/2020,06/10/2020,Austin Convention Center,Private,2000,,
09/09/2020,09/11/2020,Austin Convention Center,Private,2000,,
05/11/2020,05/13/2020,Austin Convention Center,Private,2300,,www.indeedinteractive.com
08/24/2020,08/25/2020,Austin Convention Center,Private,2500,,www.confluent.io
09/14/2020,09/17/2020,Austin Convention Center,Private,2750,,www.spiceworks.com
11/19/2020,11/22/2020,Austin Convention Center,Private,2750,,www.soc-neuro-onc.org/2020-annual-meeting
04/23/2020,04/26/2020,Austin Convention Center,Private,3800,,
04/04/2020,04/07/2020,Austin Convention Center,Private,4500,,
05/04/2020,05/07/2020,Austin Convention Center,Private,5000,,
10/09/2020,10/10/2020,Austin Convention Center,Private,5000,,atxcorporatewellness.com
05/18/2020,05/21/2020,Austin Convention Center,Private,5900,,https://niweek.ni.com
05/12/2020,05/13/2020,Austin Convention Center,Private,6000,,www.tceq.texas.gov
10/16/2020,10/20/2020,Austin Convention Center,Private,6000,,Omed.osteopathic.org
11/02/2020,11/06/2020,Austin Convention Center,Private,6000,,
01/17/2020,01/22/2020,Austin Convention Center,Private,7000,,
08/17/2020,08/21/2020,Austin Convention Center,Private,9200,,https://megacamp.kw.com
08/28/2020,08/30/2020,Austin Convention Center,Private,10000,,www.austinhomeandgardenshow.com
07/03/2020,07/05/2020,Austin Convention Center,Private,22000,,www.rtxaustin.com
02/13/2020,02/15/2020,Palmer Events Center,Private,150,,
06/03/2020,06/03/2020,Palmer Events Center,Private,300,,www.ausitnisd.org
01/08/2020,01/09/2020,Palmer Events Center,Private,400,,www.austintexas.gov/department/human-resources
08/19/2020,08/19/2020,Palmer Events Center,Private,450,,www.agctx.org
03/06/2020,03/06/2020,Palmer Events Center,Private,500,,www.rodeoaustin.com
02/04/2020,02/04/2020,Palmer Events Center,Private,550,,
05/05/2020,05/05/2020,Palmer Events Center,Private,700,,www.gamaus.com
05/20/2020,05/20/2020,Palmer Events Center,Private,800,,www.austintexas.gov/city-manager
03/24/2020,03/24/2020,Palmer Events Center,Private,1000,,www.austintexas.org
05/28/2020,05/28/2020,Palmer Events Center,Private,1000,,www.austinaptassoc.com
07/22/2020,07/22/2020,Palmer Events Center,Private,1000,,jackandjillinc.org/south-central-region
05/09/2020,05/09/2020,Palmer Events Center,Private,1100,,www.txrd.com
01/22/2020,01/22/2020,Palmer Events Center,Private,1200,,
02/12/2020,02/12/2020,Palmer Events Center,Private,1800,,
08/22/2020,08/23/2020,Palmer Events Center,Private,2500,,www.legaragesale.net
12/04/2020,12/04/2020,Palmer Events Center,Private,3000,,
04/07/2020,04/08/2020,Palmer Events Center,Private,3500,,www.abor.com
09/12/2020,09/13/2020,Palmer Events Center,Private,4000,,www.texasweddings.com
04/24/2020,04/26/2020,Palmer Events Center,Private,5000,,www.paleofx.com
12/15/2020,12/24/2020,Palmer Events Center,Private,35000,,www.armadillobazaar.com
02/26/2020,02/27/2020,Austin Convention Center,HVS Global Partners Summit,70,,www.hvs.com
02/20/2020,02/21/2020,Austin Convention Center,2020 Restore Annual Conference,200,,
04/14/2020,04/14/2020,Austin Convention Center,Open Source 101 Austin,350,,www.opensource101.com
04/21/2020,04/21/2020,Austin Convention Center,2020 ACEA Symposium,500,,
03/02/2020,03/04/2020,Austin Convention Center,2020 SysML,600,,
04/22/2020,04/23/2020,Austin Convention Center,CRETech 2020 Spring Summer,800,,www.cretech.com
07/30/2020,07/31/2020,Austin Convention Center,2020 CPRIT Conference,800,,www.cprit.org
03/02/2020,03/04/2020,Austin Convention Center,VueConf.US 2020,850,,https://us.vuejs.org/
01/26/2020,01/26/2020,Austin Convention Center,2020 SXSW Volunteer Fair,1000,,sxsw.com
02/29/2020,03/01/2020,Austin Convention Center,The Franchise Show,1000,,http://www.franchiseshowinfo.com/
04/15/2020,04/18/2020,Austin Convention Center,NFBPA Forum 2020,1000,,www.nfbpa.org
02/24/2020,02/25/2020,Austin Convention Center,"Demolition Austin, NDA Annual Convention & Expo 2020",1055,,www.demolitionassociation.com
02/26/2020,02/26/2020,Austin Convention Center,2020 TRS/ERS Emerging Manager Conference,1150,,https://www.trs.texas.gov/Pages/investments_em_conference.aspx
01/23/2020,01/25/2020,Austin Convention Center,2020 Crohn's & Colitis Congress,1200,,www.crohnscolitiscongress.com
12/08/2020,12/11/2020,Austin Convention Center,Dealer Week: The 2020 MRAA Conference and Expo,1200,,www.mraa.org
06/24/2020,06/26/2020,Austin Convention Center,2020 SIIM Annual Meeting,1400,,www.siim.org
04/26/2020,04/26/2020,Austin Convention Center,Texas Bridal & Wedding Expo,1500,,
11/10/2020,11/10/2020,Austin Convention Center,2020 InnoTech Austin,1500,,
01/23/2020,01/23/2020,Austin Convention Center,SHI Corp. Kickoff 2020 Vendor Show,1600,,www.shi.com
11/14/2020,11/17/2020,Austin Convention Center,2020 Texas Assessment Conference,1850,,https://txassessmentcon.org/
05/27/2020,05/29/2020,Austin Convention Center,Dig-In 2020,2000,,
06/26/2020,06/30/2020,Austin Convention Center,2020 ASHRAE Annual Conference,2000,,www.ashrae.org
06/28/2020,06/30/2020,Austin Convention Center,2020 TASN Annual Conference,2000,,www.tasn.net
11/17/2020,11/18/2020,Austin Convention Center,DeveloperWeek Austin 2020 Conference and Expo,2000,,https://www.developerweek.com/Austin/
02/29/2020,03/01/2020,Austin Convention Center,2020 Lone Star Classic 18s & Tour of Texas Finals,2500,,https://www.touroftexasvb.com/
12/01/2020,12/03/2020,Austin Convention Center,2020 The Running Event,2600,,www.therunningevent.com
10/26/2020,10/28/2020,Austin Convention Center,2020 athenahealth Users Conference,3000,,www.athenahealthcare.com
07/20/2020,07/22/2020,Austin Convention Center,Unconventional Resources Technology Conference 2020,3500,,www.aapg.org
10/04/2020,10/07/2020,Austin Convention Center,2020 AHCA/NCAL Annual Convention & Exposition,3500,,
02/20/2020,02/23/2020,Austin Convention Center,2020 Quiltcon,4000,,
06/27/2020,06/27/2020,Austin Convention Center,2020 NPC Adela Garcia Classic,4000,,npcagclassic.com
01/10/2020,01/12/2020,Austin Convention Center,MagicFest Austin 2020,5000,,https://www.cfbevents.com/
07/12/2020,07/15/2020,Austin Convention Center,McKesson ideaShare 2020,5000,,www.mcKesson.com
01/02/2020,01/05/2020,Austin Convention Center,2020 Austin Boat & Travel Trailer Show,5500,,www.austinboatshow.com
07/31/2020,08/01/2020,Austin Convention Center,2020 Lucky Leaf Expo,6000,,www.luckyleafexpo.com
01/25/2020,01/29/2020,Austin Convention Center,2020 TASA Midwinter Conference,6800,,https://tasamidwinter.org/
03/25/2020,04/01/2020,Austin Convention Center,2020 NASPA Annual Conference & The Placement Exchange,7000,,
10/01/2020,10/01/2020,Austin Convention Center,2020 The Texas Conference for Women,7250,,
02/13/2020,02/16/2020,Austin Convention Center,2020 Austin RV Expo,9500,,www.austinrvexpo.com
01/10/2020,01/12/2020,Austin Convention Center,2020 Austin Home & Garden Show,10000,,www.austinhomegardenshow.com
04/17/2020,04/19/2020,Austin Convention Center,2020 Austin Auto Show,10000,,www.autoshowaustin.com
02/03/2020,02/07/2020,Austin Convention Center,2020 TCEA Annual Convention,15000,,www.tcea.org
03/08/2020,03/22/2020,Austin Convention Center,2020 SXSW,240000,,
06/09/2020,06/10/2020,Palmer Events Center,Traffic Show 2020,140,,www.trafficshow.us
12/08/2020,12/09/2020,Palmer Events Center,Traffic Show 2020,140,,www.trafficshow.us
05/20/2020,05/22/2020,Palmer Events Center,TX Resilience 2020,150,,
04/17/2020,04/17/2020,Palmer Events Center,Austin Water 2020 Spring Leadership Summit,190,,www.austintexas.gov/department/water
10/22/2020,10/22/2020,Palmer Events Center,2020 Central Texas Manufacturing Expo & Conference,200,,www.arma-tx.org
06/05/2020,06/05/2020,Palmer Events Center,City of Austin Volunteers Appreciation Luncheon 2020,230,,www.austinenergy.com
05/01/2020,05/02/2020,Palmer Events Center,Texas Linux Fest 2020,400,,www.texaslinuxfest.org
05/02/2020,05/03/2020,Palmer Events Center,Starpower 2020,500,,www.starpowertalent.com/
02/11/2020,02/12/2020,Palmer Events Center,2020 Central Texas African American Family Support Conference,600,,www.ctaafsc.org
09/09/2020,09/09/2020,Palmer Events Center,2020 AAFAME EXPO,600,,www.aafame.org
04/01/2020,04/01/2020,Palmer Events Center,2020 DIR Connect Technology Expo,650,,www.dir.texas.gov
09/30/2020,10/01/2020,Palmer Events Center,The Nonprofit Innovation & Optimization Summit (NIO Summit) 2020,650,,www.niosummit.com
05/15/2020,05/17/2020,Palmer Events Center,Future Frontiers 2020,700,,www.futurefrontiers.co
07/06/2020,07/08/2020,Palmer Events Center,2020 13th Annual Safety Conference,700,,www.austintexas.gov/department/human-resources
01/29/2020,01/29/2020,Palmer Events Center,2020 Southwest Showcase,750,,www.southwestshowcase.org
09/24/2020,09/25/2020,Palmer Events Center,ACC General Assembly 2020,800,,www.austincc.edu
03/10/2020,03/11/2020,Palmer Events Center,2020 DIR Information Security Forum,900,,www.dir.texas.gov
01/25/2020,01/26/2020,Palmer Events Center,2020 Body Mind Spirit Expo,1000,,www.bmse.net
02/05/2020,02/05/2020,Palmer Events Center,2020 City of Austin African American Heritage Network Employee Black History Program,1000,,
03/04/2020,03/04/2020,Palmer Events Center,2020 Small Business Contracting Forum,1000,,http://austintexas.gov/purchasing
05/07/2020,05/07/2020,Palmer Events Center,2020 CCA Austin Annual Banquet,1000,,www.ccatexas.org
07/18/2020,07/19/2020,Palmer Events Center,2020 Body Mind Spirit Expo,1000,,www.bmse.net
11/11/2020,11/12/2020,Palmer Events Center,Time Machine 2020,1000,,
01/04/2020,01/04/2020,Palmer Events Center,2020 Texas Roller Derby,1100,,www.txrd.com
01/18/2020,01/18/2020,Palmer Events Center,2020 Texas Roller Derby,1100,,www.txrd.com
02/01/2020,02/01/2020,Palmer Events Center,2020 Texas Roller Derby,1100,,www.txrd.com
02/29/2020,02/29/2020,Palmer Events Center,2020 Texas Roller Derby,1100,,www.txrd.com
04/11/2020,04/11/2020,Palmer Events Center,Texas Roller Derby,1100,,www.txrd.com
05/23/2020,05/23/2020,Palmer Events Center,2020 Texas Roller Derby,1100,,www.txrd.com
06/14/2020,06/14/2020,Palmer Events Center,2020 Texas Roller Derby,1100,,www.txrd.com
06/27/2020,06/27/2020,Palmer Events Center,2020 Texas Roller Derby,1100,,www.txrd.com
07/11/2020,07/11/2020,Palmer Events Center,2020 Texas Roller Derby,1100,,www.txrd.com
08/08/2020,08/08/2020,Palmer Events Center,2020 Texas Roller Derby,1100,,www.txrd.com
08/22/2020,08/22/2020,Palmer Events Center,2020 Texas Roller Derby,1100,,www.txrd.com
09/05/2020,09/05/2020,Palmer Events Center,2020 Texas Roller Derby,1100,,www.txrd.com
07/10/2020,07/11/2020,Palmer Events Center,2020 Keep Austin Playing,1185,,www.austintexas.gov/department/parks-and-recreation
05/24/2020,05/25/2020,Palmer Events Center,2020 CapTexTri,1200,,
06/01/2020,06/01/2020,Palmer Events Center,Best of CenTex Preps 2020,1200,,
01/15/2020,01/16/2020,Palmer Events Center,2020 Build Expo,1500,,www.buildexpousa.com
04/18/2020,04/18/2020,Palmer Events Center,2020 Battle of the Badges,1500,,www.austinpal.org
08/16/2020,08/16/2020,Palmer Events Center,Slammedenuff Texas 2020,1500,,www.slammedenuff.com
08/28/2020,08/29/2020,Palmer Events Center,NPC Texas Show of Champions 2020,1500,,https://www.texasbodybuildingcontests.com/
09/18/2020,09/19/2020,Palmer Events Center,2020 WSL Jewel Ball,1500,,
12/19/2020,12/19/2020,Palmer Events Center,2020 TSBPA Swearing In Ceremony,1500,,www.tsbpa.texas.gov
06/12/2020,06/13/2020,Palmer Events Center,2020 TSBPA Swearing In Ceremony,1700,,www.tsbpa.state.tx.us
02/08/2020,02/08/2020,Palmer Events Center,2020 Rodeo Austin Gala,1800,,www.rodeoaustin.com
04/28/2020,04/30/2020,Palmer Events Center,Zoholics 2020,1800,,www.zoho.com
05/12/2020,05/13/2020,Palmer Events Center,2020 MOVE,1800,,www.terrapinn.com
07/28/2020,07/30/2020,Palmer Events Center,2020 Texas Bar Examinations,1800,,www.ble.texas.gov
09/16/2020,09/16/2020,Palmer Events Center,2020 Health Expo,1800,,www.austintexas.gov/department/human-resources
03/02/2020,03/02/2020,Palmer Events Center,2020 Austin Youth Council Career Fest,2000,,www.austintexas.gov/department/human-resources
03/07/2020,03/07/2020,Palmer Events Center,2020 Helping Hand Gala,2000,,www.helpinghandhome.org
06/23/2020,06/24/2020,Palmer Events Center,2020 134th TFDA Annual Convention,2000,,www.tfda.com
08/06/2020,08/07/2020,Palmer Events Center,2020 Global Leadership Summit,2000,,https://www.abbaconnect.net/
02/23/2020,02/23/2020,Palmer Events Center,Austin Family News Magazine,2150,,https://austinfamily.com/
08/01/2020,08/02/2020,Palmer Events Center,Austin Women's Expo,2200,,www.AustinWomensExpo.com
01/25/2020,01/26/2020,Palmer Events Center,2020 Le Garage Boutique Sale,2500,,www.legaragesale.net
12/02/2020,12/02/2020,Palmer Events Center,Small Business Expo 2020 - Austin,2500,,www.thesmallbusinessexpo.com
06/12/2020,06/14/2020,Palmer Events Center,2020 KetoCon,2700,,www.ketocon.org
02/16/2020,02/16/2020,Palmer Events Center,Wekfest Austin 2020,3000,,
04/16/2020,04/16/2020,Palmer Events Center,2020 Austin National College Fair,3000,,www.nacacfairs.org
04/20/2020,04/21/2020,Palmer Events Center,Austin Vet 2020,3000,,
10/18/2020,10/18/2020,Palmer Events Center,2020 Livestrong Challenge,3050,,www.livestrongchallange.org
10/23/2020,10/25/2020,Palmer Events Center,2020 Austin Gem and Mineral Show,3050,,https://agms-tx.org/gem-capers/
09/04/2020,09/06/2020,Palmer Events Center,2020 Austin Tattoo Invitational,3250,,www.austintattooinvitational.com
04/15/2020,04/15/2020,Palmer Events Center,2020 City of Austin Career Expo,3550,,www.austintexas.gov/department/human-resources
01/04/2020,01/05/2020,Palmer Events Center,2020 City-Wide Vintage Sale,4000,,www.citywidevintagesale.com
01/11/2020,01/12/2020,Palmer Events Center,2020 Bridal Extravaganza,4000,,www.texasweddings.com
01/18/2020,01/19/2020,Palmer Events Center,City-Wide Garage Sale LLC,4000,,www.citywidegaragesale.com
05/23/2020,05/24/2020,Palmer Events Center,2020 City-Wide Vintage Sale,4000,,www.citywidevintagesale.com
06/07/2020,06/07/2020,Palmer Events Center,2020 Bridal Extravaganza,4000,,www.texasweddings.com
06/20/2020,06/20/2020,Palmer Events Center,Austin Oddities & Curiosities Expo 2020,4000,,www.odditiesandcuriositiesexpo.com
06/27/2020,06/28/2020,Palmer Events Center,2020 City-Wide Vintage Sale,4000,,www.citywidevintagesale.com
07/18/2020,07/19/2020,Palmer Events Center,2020 City-Wide Vintage Sale,4000,,www.citywidevintagesale.com
08/08/2020,08/09/2020,Palmer Events Center,2020 City-Wide Vintage Sale,4000,,www.citywidegaragesale.com
10/24/2020,10/25/2020,Palmer Events Center,2020 City-Wide Vintage Sale,4000,,ww.citywidevintagesale.com
11/28/2020,11/29/2020,Palmer Events Center,2020 City-Wide Garage Sale,4000,,www.citywidevintageesale.com
05/14/2020,05/17/2020,Palmer Events Center,2020 Austin Record Convention,4200,,www.austinrecords.com
10/16/2020,10/18/2020,Palmer Events Center,2020 Austin Record Convention,4200,,www.austinrecords.com
09/25/2020,09/27/2020,Palmer Events Center,2020 Capital of Texas QuiltFest,4500,,www.captxquiltfest.org
05/30/2020,05/31/2020,Palmer Events Center,2020 Promenade Pops,5000,,www.austinsymphony.org
12/29/2020,12/30/2020,Palmer Events Center,2020 New Year's Pops,5000,,http://www.austinsymphony.org
07/25/2020,07/26/2020,Palmer Events Center,2020 Classic Game Fest,7000,,www.classicgamefest.com
08/01/2020,08/02/2020,Palmer Events Center,POP Cats 2020,7000,,www.popcats.org
11/05/2020,11/08/2020,Palmer Events Center,2020 Settlement Club Charity Garage & Estate Sale,7770,,www.settlementhome.org
06/18/2020,06/21/2020,Palmer Events Center,2020 International Gem and Jewelry Show,8000,,www.intergem.com
12/12/2020,12/13/2020,Palmer Events Center,2020 Coats for Kids,8000,,www.jlaustin.org
01/31/2020,02/02/2020,Palmer Events Center,2020 Star of Texas Tattoo Arts Revival,8700,,www.golivefast.com
02/20/2020,02/22/2020,Palmer Events Center,2020 AE Regional Science Festival,10000,,www.sciencefest.org
11/18/2020,11/22/2020,Palmer Events Center,2020 A Christmas Affair,26000,,www.jlaustin.org
02/14/2020,02/15/2020,Palmer Events Center,2020 Austin Marathon Expo,30000,,https://youraustinmarathon.com/expo/
04/03/2020,04/05/2020,Palmer Events Center,2020 Statesman Cap 10K Expo,30000,,www.cap10k.com
